{
  "artifact_version": "1",
  "config": {
    "method": "auto",
    "n_bins_for_selection": 15,
    "softmax_temperature": 1.0,
    "seed": 23,
    "auto_val_fraction": 0.2,
    "auto_min_inner_val_size": 100,
    "auto_min_delta_ece": 0.001,
    "skip_threshold_delta": 0.001,
    "brier_skip_delta": 0.0001
  },
  "chosen_method": "isotonic",
  "metrics": {
    "platt": {
      "ece": 0.023164147595703618,
      "brier": 0.0701352094129086,
      "n_samples": 231942
    },
    "isotonic": {
      "ece": 3.497239384702878e-18,
      "brier": 0.06865347997484196,
      "n_samples": 231942
    },
    "identity": {
      "ece": 0.00771259925097432,
      "brier": 0.06891647289976376,
      "n_samples": 231942
    }
  },
  "inner_val_metrics": {
    "platt": {
      "ece": 0.02414062846714028,
      "brier": 0.06191932869442645,
      "n_val": 46388
    },
    "isotonic": {
      "ece": 0.003638334524144598,
      "brier": 0.06063073869502224,
      "n_val": 46388
    },
    "identity": {
      "ece": 0.00830477447802014,
      "brier": 0.0607922320301435,
      "n_val": 46388
    }
  },
  "auto_selection_mode": "held_out_caller"
}