{
  "artifact_version": "1",
  "config": {
    "method": "auto",
    "n_bins_for_selection": 15,
    "softmax_temperature": 1.0,
    "seed": 23,
    "auto_val_fraction": 0.2,
    "auto_min_inner_val_size": 100,
    "auto_min_delta_ece": 0.001
  },
  "chosen_method": "isotonic",
  "metrics": {
    "platt": {
      "ece": 0.023164147595703618,
      "brier": 0.0701352094129086,
      "n_samples": 231942
    },
    "isotonic": {
      "ece": 3.497239384702878e-18,
      "brier": 0.06865347997484196,
      "n_samples": 231942
    }
  },
  "inner_val_metrics": {
    "platt": {
      "ece": 0.023135034651493958,
      "n_val": 46388
    },
    "isotonic": {
      "ece": 0.0019870699645180246,
      "n_val": 46388
    }
  },
  "auto_selection_mode": "held_out"
}